,Channel,Compound,Date,Negative,Neutral,Positive,Tweet_Ago
0,@BBC,0.0,Fri Mar 09 19:03:04 +0000 2018,0.0,1.0,0.0,1
1,@BBC,0.5719,Fri Mar 09 18:00:10 +0000 2018,0.0,0.764,0.236,2
2,@BBC,0.0,Fri Mar 09 17:18:55 +0000 2018,0.0,1.0,0.0,3
3,@BBC,0.4939,Fri Mar 09 17:00:10 +0000 2018,0.0,0.656,0.344,4
4,@BBC,0.3818,Fri Mar 09 16:56:32 +0000 2018,0.0,0.874,0.126,5
5,@BBC,0.5848,Fri Mar 09 16:56:13 +0000 2018,0.0,0.807,0.193,6
6,@BBC,0.0,Fri Mar 09 16:53:47 +0000 2018,0.0,1.0,0.0,7
7,@BBC,0.0,Fri Mar 09 16:39:50 +0000 2018,0.0,1.0,0.0,8
8,@BBC,0.4939,Fri Mar 09 14:30:07 +0000 2018,0.0,0.842,0.158,9
9,@BBC,-0.4404,Fri Mar 09 14:00:18 +0000 2018,0.178,0.822,0.0,10
10,@BBC,0.7783,Fri Mar 09 13:30:05 +0000 2018,0.0,0.672,0.328,11
11,@BBC,0.0,Fri Mar 09 12:30:02 +0000 2018,0.0,1.0,0.0,12
12,@BBC,0.0,Fri Mar 09 12:13:43 +0000 2018,0.0,1.0,0.0,13
13,@BBC,0.5719,Fri Mar 09 11:51:14 +0000 2018,0.0,0.684,0.316,14
14,@BBC,0.6114,Fri Mar 09 11:36:57 +0000 2018,0.0,0.637,0.363,15
15,@BBC,0.5859,Fri Mar 09 11:03:23 +0000 2018,0.0,0.863,0.137,16
16,@BBC,0.0,Fri Mar 09 11:00:05 +0000 2018,0.0,1.0,0.0,17
17,@BBC,0.0,Fri Mar 09 10:15:05 +0000 2018,0.0,1.0,0.0,18
18,@BBC,0.4389,Fri Mar 09 09:00:04 +0000 2018,0.0,0.806,0.194,19
19,@BBC,0.0,Fri Mar 09 08:30:08 +0000 2018,0.0,1.0,0.0,20
20,@BBC,0.4404,Fri Mar 09 08:00:05 +0000 2018,0.0,0.734,0.266,21
21,@BBC,0.0,Thu Mar 08 21:28:00 +0000 2018,0.0,1.0,0.0,22
22,@BBC,0.4019,Thu Mar 08 20:33:04 +0000 2018,0.0,0.856,0.144,23
23,@BBC,0.0,Thu Mar 08 20:03:04 +0000 2018,0.0,1.0,0.0,24
24,@BBC,0.0,Thu Mar 08 18:00:06 +0000 2018,0.0,1.0,0.0,25
25,@BBC,-0.1027,Thu Mar 08 17:30:11 +0000 2018,0.177,0.664,0.159,26
26,@BBC,0.0,Thu Mar 08 17:00:09 +0000 2018,0.0,1.0,0.0,27
27,@BBC,0.5719,Thu Mar 08 16:30:05 +0000 2018,0.0,0.764,0.236,28
28,@BBC,0.5803,Thu Mar 08 16:05:42 +0000 2018,0.0,0.819,0.181,29
29,@BBC,0.0,Thu Mar 08 15:30:09 +0000 2018,0.0,1.0,0.0,30
30,@BBC,0.0,Thu Mar 08 15:09:13 +0000 2018,0.0,1.0,0.0,31
31,@BBC,0.0,Thu Mar 08 15:00:05 +0000 2018,0.0,1.0,0.0,32
32,@BBC,-0.4588,Thu Mar 08 14:30:02 +0000 2018,0.143,0.857,0.0,33
33,@BBC,0.0,Thu Mar 08 13:30:05 +0000 2018,0.0,1.0,0.0,34
34,@BBC,0.0,Thu Mar 08 13:09:22 +0000 2018,0.0,1.0,0.0,35
35,@BBC,-0.5994,Thu Mar 08 13:02:03 +0000 2018,0.145,0.855,0.0,36
36,@BBC,0.0,Thu Mar 08 13:00:08 +0000 2018,0.0,1.0,0.0,37
37,@BBC,0.0,Thu Mar 08 12:34:42 +0000 2018,0.0,1.0,0.0,38
38,@BBC,0.0,Thu Mar 08 12:30:04 +0000 2018,0.0,1.0,0.0,39
39,@BBC,0.4753,Thu Mar 08 12:00:02 +0000 2018,0.0,0.795,0.205,40
40,@BBC,0.5859,Thu Mar 08 11:46:51 +0000 2018,0.0,0.789,0.211,41
41,@BBC,0.0,Thu Mar 08 11:00:05 +0000 2018,0.0,1.0,0.0,42
42,@BBC,0.6996,Thu Mar 08 10:54:28 +0000 2018,0.0,0.721,0.279,43
43,@BBC,0.0,Thu Mar 08 10:32:59 +0000 2018,0.0,1.0,0.0,44
44,@BBC,0.5719,Thu Mar 08 09:57:10 +0000 2018,0.0,0.829,0.171,45
45,@BBC,0.5859,Thu Mar 08 09:30:12 +0000 2018,0.0,0.743,0.257,46
46,@BBC,0.0,Thu Mar 08 09:04:01 +0000 2018,0.0,1.0,0.0,47
47,@BBC,0.4404,Thu Mar 08 08:30:00 +0000 2018,0.0,0.838,0.162,48
48,@BBC,0.0,Thu Mar 08 08:00:05 +0000 2018,0.0,1.0,0.0,49
49,@BBC,0.0,Thu Mar 08 07:30:06 +0000 2018,0.0,1.0,0.0,50
50,@BBC,0.0,Wed Mar 07 19:12:02 +0000 2018,0.0,1.0,0.0,51
51,@BBC,0.0,Wed Mar 07 18:23:04 +0000 2018,0.0,1.0,0.0,52
52,@BBC,0.4987,Wed Mar 07 17:42:01 +0000 2018,0.0,0.736,0.264,53
53,@BBC,0.0,Wed Mar 07 17:27:29 +0000 2018,0.0,1.0,0.0,54
54,@BBC,0.0,Wed Mar 07 17:22:51 +0000 2018,0.0,1.0,0.0,55
55,@BBC,0.8555,Wed Mar 07 17:22:23 +0000 2018,0.0,0.63,0.37,56
56,@BBC,0.0,Wed Mar 07 17:16:45 +0000 2018,0.0,1.0,0.0,57
57,@BBC,0.5562,Wed Mar 07 17:14:49 +0000 2018,0.0,0.817,0.183,58
58,@BBC,0.0,Wed Mar 07 17:13:49 +0000 2018,0.0,1.0,0.0,59
59,@BBC,0.0,Wed Mar 07 16:15:06 +0000 2018,0.0,1.0,0.0,60
60,@BBC,0.0,Wed Mar 07 14:30:03 +0000 2018,0.0,1.0,0.0,61
61,@BBC,0.1742,Wed Mar 07 13:24:05 +0000 2018,0.109,0.751,0.14,62
62,@BBC,-0.6369,Wed Mar 07 12:30:04 +0000 2018,0.321,0.597,0.082,63
63,@BBC,0.0,Wed Mar 07 11:42:44 +0000 2018,0.0,1.0,0.0,64
64,@BBC,-0.2244,Wed Mar 07 11:07:18 +0000 2018,0.076,0.924,0.0,65
65,@BBC,-0.4404,Wed Mar 07 10:46:56 +0000 2018,0.132,0.868,0.0,66
66,@BBC,0.4927,Wed Mar 07 10:41:15 +0000 2018,0.0,0.775,0.225,67
67,@BBC,0.4404,Wed Mar 07 09:58:38 +0000 2018,0.108,0.681,0.211,68
68,@BBC,0.0,Wed Mar 07 09:00:07 +0000 2018,0.0,1.0,0.0,69
69,@BBC,0.4926,Wed Mar 07 08:46:22 +0000 2018,0.0,0.825,0.175,70
70,@BBC,0.4215,Wed Mar 07 08:46:14 +0000 2018,0.0,0.891,0.109,71
71,@BBC,-0.6808,Wed Mar 07 08:45:50 +0000 2018,0.211,0.789,0.0,72
72,@BBC,0.4215,Wed Mar 07 08:44:59 +0000 2018,0.0,0.877,0.123,73
73,@BBC,-0.8591,Wed Mar 07 08:30:07 +0000 2018,0.373,0.627,0.0,74
74,@BBC,0.5994,Wed Mar 07 08:00:04 +0000 2018,0.0,0.769,0.231,75
75,@BBC,0.0,Tue Mar 06 19:30:06 +0000 2018,0.0,1.0,0.0,76
76,@BBC,-0.4215,Tue Mar 06 18:30:07 +0000 2018,0.219,0.781,0.0,77
77,@BBC,0.4939,Tue Mar 06 18:03:04 +0000 2018,0.0,0.873,0.127,78
78,@BBC,-0.1027,Tue Mar 06 17:30:07 +0000 2018,0.185,0.65,0.165,79
79,@BBC,0.0,Tue Mar 06 17:25:44 +0000 2018,0.0,1.0,0.0,80
80,@BBC,0.3182,Tue Mar 06 17:02:04 +0000 2018,0.0,0.881,0.119,81
81,@BBC,-0.0644,Tue Mar 06 15:30:10 +0000 2018,0.079,0.853,0.068,82
82,@BBC,0.6997,Tue Mar 06 14:44:33 +0000 2018,0.0,0.692,0.308,83
83,@BBC,0.8439,Tue Mar 06 14:30:05 +0000 2018,0.0,0.664,0.336,84
84,@BBC,0.7269,Tue Mar 06 13:48:06 +0000 2018,0.0,0.724,0.276,85
85,@BBC,0.6246,Tue Mar 06 13:12:33 +0000 2018,0.102,0.605,0.293,86
86,@BBC,0.0,Tue Mar 06 13:11:26 +0000 2018,0.0,1.0,0.0,87
87,@BBC,0.4404,Tue Mar 06 13:10:12 +0000 2018,0.0,0.868,0.132,88
88,@BBC,0.5994,Tue Mar 06 12:30:05 +0000 2018,0.0,0.813,0.187,89
89,@BBC,0.7901,Tue Mar 06 10:18:16 +0000 2018,0.0,0.72,0.28,90
90,@BBC,0.4215,Tue Mar 06 09:00:05 +0000 2018,0.0,0.872,0.128,91
91,@BBC,-0.2732,Tue Mar 06 08:30:10 +0000 2018,0.106,0.837,0.057,92
92,@BBC,0.5023,Tue Mar 06 08:03:02 +0000 2018,0.0,0.772,0.228,93
93,@BBC,0.0,Mon Mar 05 19:30:07 +0000 2018,0.0,1.0,0.0,94
94,@BBC,-0.8555,Mon Mar 05 18:38:04 +0000 2018,0.408,0.592,0.0,95
95,@BBC,0.6124,Mon Mar 05 17:23:22 +0000 2018,0.0,0.737,0.263,96
96,@BBC,0.4472,Mon Mar 05 17:15:34 +0000 2018,0.0,0.789,0.211,97
97,@BBC,0.1531,Mon Mar 05 17:00:31 +0000 2018,0.077,0.818,0.105,98
98,@BBC,0.0,Mon Mar 05 14:48:43 +0000 2018,0.0,1.0,0.0,99
99,@BBC,-0.1779,Mon Mar 05 14:43:13 +0000 2018,0.145,0.855,0.0,100
100,@CNN,-0.5267,Sat Mar 10 05:01:04 +0000 2018,0.188,0.812,0.0,1
101,@CNN,0.7269,Sat Mar 10 04:50:00 +0000 2018,0.0,0.705,0.295,2
102,@CNN,0.3612,Sat Mar 10 04:47:56 +0000 2018,0.0,0.902,0.098,3
103,@CNN,0.0,Sat Mar 10 04:45:17 +0000 2018,0.0,1.0,0.0,4
104,@CNN,-0.0258,Sat Mar 10 04:38:03 +0000 2018,0.124,0.757,0.119,5
105,@CNN,0.5423,Sat Mar 10 04:31:05 +0000 2018,0.0,0.8,0.2,6
106,@CNN,0.0,Sat Mar 10 04:23:24 +0000 2018,0.0,1.0,0.0,7
107,@CNN,0.0,Sat Mar 10 04:17:17 +0000 2018,0.0,1.0,0.0,8
108,@CNN,0.0,Sat Mar 10 04:16:01 +0000 2018,0.0,1.0,0.0,9
109,@CNN,-0.6486,Sat Mar 10 04:03:57 +0000 2018,0.202,0.798,0.0,10
110,@CNN,0.0,Sat Mar 10 04:02:21 +0000 2018,0.0,1.0,0.0,11
111,@CNN,-0.5423,Sat Mar 10 04:01:52 +0000 2018,0.233,0.698,0.07,12
112,@CNN,0.0,Sat Mar 10 03:48:07 +0000 2018,0.0,1.0,0.0,13
113,@CNN,0.4215,Sat Mar 10 03:46:04 +0000 2018,0.0,0.877,0.123,14
114,@CNN,-0.7269,Sat Mar 10 03:39:29 +0000 2018,0.379,0.621,0.0,15
115,@CNN,-0.34,Sat Mar 10 03:31:09 +0000 2018,0.138,0.862,0.0,16
116,@CNN,0.0,Sat Mar 10 03:28:28 +0000 2018,0.0,1.0,0.0,17
117,@CNN,0.0,Sat Mar 10 03:25:43 +0000 2018,0.0,1.0,0.0,18
118,@CNN,-0.4552,Sat Mar 10 03:25:09 +0000 2018,0.226,0.673,0.101,19
119,@CNN,0.2023,Sat Mar 10 03:23:56 +0000 2018,0.0,0.909,0.091,20
120,@CNN,-0.1027,Sat Mar 10 03:16:41 +0000 2018,0.06,0.94,0.0,21
121,@CNN,-0.296,Sat Mar 10 03:10:32 +0000 2018,0.121,0.879,0.0,22
122,@CNN,0.7269,Sat Mar 10 02:57:28 +0000 2018,0.0,0.705,0.295,23
123,@CNN,-0.296,Sat Mar 10 02:52:08 +0000 2018,0.104,0.896,0.0,24
124,@CNN,0.128,Sat Mar 10 02:47:25 +0000 2018,0.0,0.927,0.073,25
125,@CNN,-0.4404,Sat Mar 10 02:45:02 +0000 2018,0.146,0.854,0.0,26
126,@CNN,-0.34,Sat Mar 10 02:35:21 +0000 2018,0.118,0.882,0.0,27
127,@CNN,-0.5994,Sat Mar 10 02:21:34 +0000 2018,0.302,0.698,0.0,28
128,@CNN,0.5106,Sat Mar 10 02:15:10 +0000 2018,0.0,0.837,0.163,29
129,@CNN,-0.5574,Sat Mar 10 02:09:56 +0000 2018,0.167,0.833,0.0,30
130,@CNN,-0.5859,Sat Mar 10 02:02:54 +0000 2018,0.242,0.758,0.0,31
131,@CNN,0.34,Sat Mar 10 02:00:22 +0000 2018,0.189,0.571,0.239,32
132,@CNN,0.0018,Sat Mar 10 01:51:13 +0000 2018,0.107,0.785,0.107,33
133,@CNN,0.0,Sat Mar 10 01:44:02 +0000 2018,0.0,1.0,0.0,34
134,@CNN,-0.3612,Sat Mar 10 01:38:49 +0000 2018,0.143,0.857,0.0,35
135,@CNN,0.0,Sat Mar 10 01:35:48 +0000 2018,0.0,1.0,0.0,36
136,@CNN,-0.1027,Sat Mar 10 01:32:36 +0000 2018,0.06,0.94,0.0,37
137,@CNN,0.1531,Sat Mar 10 01:31:42 +0000 2018,0.0,0.88,0.12,38
138,@CNN,-0.4767,Sat Mar 10 01:22:28 +0000 2018,0.171,0.829,0.0,39
139,@CNN,0.0,Sat Mar 10 01:09:56 +0000 2018,0.0,1.0,0.0,40
140,@CNN,-0.3415,Sat Mar 10 01:00:27 +0000 2018,0.268,0.526,0.206,41
141,@CNN,-0.25,Sat Mar 10 00:49:48 +0000 2018,0.1,0.9,0.0,42
142,@CNN,-0.2263,Sat Mar 10 00:46:47 +0000 2018,0.128,0.872,0.0,43
143,@CNN,0.5267,Sat Mar 10 00:42:26 +0000 2018,0.0,0.871,0.129,44
144,@CNN,-0.3612,Sat Mar 10 00:36:43 +0000 2018,0.161,0.769,0.07,45
145,@CNN,0.128,Sat Mar 10 00:31:09 +0000 2018,0.0,0.923,0.077,46
146,@CNN,0.0,Sat Mar 10 00:26:24 +0000 2018,0.0,1.0,0.0,47
147,@CNN,0.4019,Sat Mar 10 00:19:39 +0000 2018,0.0,0.876,0.124,48
148,@CNN,-0.296,Sat Mar 10 00:12:12 +0000 2018,0.128,0.872,0.0,49
149,@CNN,-0.34,Fri Mar 09 23:59:48 +0000 2018,0.107,0.893,0.0,50
150,@CNN,-0.5267,Fri Mar 09 23:51:04 +0000 2018,0.152,0.848,0.0,51
151,@CNN,-0.7506,Fri Mar 09 23:49:03 +0000 2018,0.261,0.739,0.0,52
152,@CNN,-0.6908,Fri Mar 09 23:46:04 +0000 2018,0.251,0.749,0.0,53
153,@CNN,0.1779,Fri Mar 09 23:38:46 +0000 2018,0.0,0.904,0.096,54
154,@CNN,0.0,Fri Mar 09 23:38:44 +0000 2018,0.0,1.0,0.0,55
155,@CNN,0.0,Fri Mar 09 23:32:09 +0000 2018,0.0,1.0,0.0,56
156,@CNN,0.0644,Fri Mar 09 23:24:50 +0000 2018,0.0,0.918,0.082,57
157,@CNN,0.0,Fri Mar 09 23:16:42 +0000 2018,0.0,1.0,0.0,58
158,@CNN,0.0,Fri Mar 09 23:11:04 +0000 2018,0.0,1.0,0.0,59
159,@CNN,0.4939,Fri Mar 09 23:01:05 +0000 2018,0.0,0.819,0.181,60
160,@CNN,-0.7964,Fri Mar 09 22:51:05 +0000 2018,0.384,0.616,0.0,61
161,@CNN,0.0,Fri Mar 09 22:41:04 +0000 2018,0.0,1.0,0.0,62
162,@CNN,0.0,Fri Mar 09 22:33:06 +0000 2018,0.0,1.0,0.0,63
163,@CNN,-0.5994,Fri Mar 09 22:22:02 +0000 2018,0.163,0.837,0.0,64
164,@CNN,0.3818,Fri Mar 09 22:16:20 +0000 2018,0.0,0.88,0.12,65
165,@CNN,0.0,Fri Mar 09 22:10:33 +0000 2018,0.0,1.0,0.0,66
166,@CNN,0.0772,Fri Mar 09 22:07:10 +0000 2018,0.132,0.723,0.145,67
167,@CNN,0.4753,Fri Mar 09 22:01:25 +0000 2018,0.0,0.859,0.141,68
168,@CNN,-0.5106,Fri Mar 09 21:57:29 +0000 2018,0.142,0.858,0.0,69
169,@CNN,0.5719,Fri Mar 09 21:53:25 +0000 2018,0.0,0.802,0.198,70
170,@CNN,0.3612,Fri Mar 09 21:47:29 +0000 2018,0.0,0.898,0.102,71
171,@CNN,0.3818,Fri Mar 09 21:46:26 +0000 2018,0.0,0.885,0.115,72
172,@CNN,0.4588,Fri Mar 09 21:36:56 +0000 2018,0.074,0.745,0.181,73
173,@CNN,0.2263,Fri Mar 09 21:36:46 +0000 2018,0.067,0.821,0.113,74
174,@CNN,-0.2263,Fri Mar 09 21:29:39 +0000 2018,0.112,0.888,0.0,75
175,@CNN,-0.34,Fri Mar 09 21:25:59 +0000 2018,0.118,0.882,0.0,76
176,@CNN,-0.5423,Fri Mar 09 21:25:53 +0000 2018,0.233,0.698,0.07,77
177,@CNN,0.0,Fri Mar 09 21:16:44 +0000 2018,0.0,1.0,0.0,78
178,@CNN,0.0,Fri Mar 09 21:04:17 +0000 2018,0.0,1.0,0.0,79
179,@CNN,0.4549,Fri Mar 09 21:01:50 +0000 2018,0.0,0.819,0.181,80
180,@CNN,0.2023,Fri Mar 09 20:59:53 +0000 2018,0.09,0.789,0.12,81
181,@CNN,0.0,Fri Mar 09 20:44:31 +0000 2018,0.0,1.0,0.0,82
182,@CNN,-0.4404,Fri Mar 09 20:43:27 +0000 2018,0.121,0.879,0.0,83
183,@CNN,0.1027,Fri Mar 09 20:35:58 +0000 2018,0.113,0.755,0.132,84
184,@CNN,0.0,Fri Mar 09 20:30:25 +0000 2018,0.0,1.0,0.0,85
185,@CNN,0.1027,Fri Mar 09 20:29:23 +0000 2018,0.099,0.785,0.116,86
186,@CNN,-0.34,Fri Mar 09 20:25:51 +0000 2018,0.107,0.893,0.0,87
187,@CNN,0.0,Fri Mar 09 20:13:52 +0000 2018,0.0,1.0,0.0,88
188,@CNN,-0.4404,Fri Mar 09 20:10:14 +0000 2018,0.139,0.861,0.0,89
189,@CNN,0.34,Fri Mar 09 20:08:35 +0000 2018,0.0,0.882,0.118,90
190,@CNN,0.0,Fri Mar 09 20:03:09 +0000 2018,0.0,1.0,0.0,91
191,@CNN,-0.4767,Fri Mar 09 20:00:14 +0000 2018,0.147,0.853,0.0,92
192,@CNN,-0.296,Fri Mar 09 19:58:32 +0000 2018,0.099,0.901,0.0,93
193,@CNN,0.0,Fri Mar 09 19:54:47 +0000 2018,0.0,1.0,0.0,94
194,@CNN,-0.8074,Fri Mar 09 19:50:07 +0000 2018,0.289,0.711,0.0,95
195,@CNN,0.0,Fri Mar 09 19:47:25 +0000 2018,0.0,1.0,0.0,96
196,@CNN,0.4549,Fri Mar 09 19:40:48 +0000 2018,0.0,0.819,0.181,97
197,@CNN,0.296,Fri Mar 09 19:40:03 +0000 2018,0.0,0.896,0.104,98
198,@CNN,0.0,Fri Mar 09 19:36:39 +0000 2018,0.0,1.0,0.0,99
199,@CNN,0.7096,Fri Mar 09 19:30:05 +0000 2018,0.091,0.594,0.315,100
200,@nytimes,0.4404,Sat Mar 10 05:02:08 +0000 2018,0.0,0.775,0.225,1
201,@nytimes,-0.6486,Sat Mar 10 04:52:19 +0000 2018,0.323,0.677,0.0,2
202,@nytimes,-0.6463,Sat Mar 10 04:47:04 +0000 2018,0.212,0.733,0.055,3
203,@nytimes,0.0,Sat Mar 10 04:32:06 +0000 2018,0.0,1.0,0.0,4
204,@nytimes,-0.1779,Sat Mar 10 04:21:07 +0000 2018,0.078,0.922,0.0,5
205,@nytimes,0.6369,Sat Mar 10 04:02:06 +0000 2018,0.0,0.819,0.181,6
206,@nytimes,0.7506,Sat Mar 10 03:47:04 +0000 2018,0.0,0.748,0.252,7
207,@nytimes,-0.4215,Sat Mar 10 03:32:02 +0000 2018,0.189,0.811,0.0,8
208,@nytimes,-0.4939,Sat Mar 10 03:17:02 +0000 2018,0.127,0.873,0.0,9
209,@nytimes,0.5574,Sat Mar 10 03:02:07 +0000 2018,0.0,0.841,0.159,10
210,@nytimes,0.0,Sat Mar 10 02:47:02 +0000 2018,0.0,1.0,0.0,11
211,@nytimes,0.0,Sat Mar 10 02:32:05 +0000 2018,0.0,1.0,0.0,12
212,@nytimes,0.0,Sat Mar 10 02:17:53 +0000 2018,0.0,1.0,0.0,13
213,@nytimes,0.0,Sat Mar 10 02:02:04 +0000 2018,0.0,1.0,0.0,14
214,@nytimes,0.0772,Sat Mar 10 01:47:04 +0000 2018,0.0,0.947,0.053,15
215,@nytimes,0.1139,Sat Mar 10 01:32:01 +0000 2018,0.0,0.9,0.1,16
216,@nytimes,0.0,Sat Mar 10 01:17:01 +0000 2018,0.0,1.0,0.0,17
217,@nytimes,0.4754,Sat Mar 10 01:02:03 +0000 2018,0.0,0.846,0.154,18
218,@nytimes,0.7096,Sat Mar 10 00:47:02 +0000 2018,0.0,0.718,0.282,19
219,@nytimes,0.0,Sat Mar 10 00:30:08 +0000 2018,0.0,1.0,0.0,20
220,@nytimes,0.4404,Sat Mar 10 00:17:01 +0000 2018,0.0,0.756,0.244,21
221,@nytimes,-0.0258,Sat Mar 10 00:02:06 +0000 2018,0.052,0.948,0.0,22
222,@nytimes,0.0,Fri Mar 09 23:47:06 +0000 2018,0.0,1.0,0.0,23
223,@nytimes,0.0,Fri Mar 09 23:32:04 +0000 2018,0.0,1.0,0.0,24
224,@nytimes,-0.8603,Fri Mar 09 23:17:01 +0000 2018,0.389,0.611,0.0,25
225,@nytimes,-0.1531,Fri Mar 09 23:02:07 +0000 2018,0.074,0.926,0.0,26
226,@nytimes,0.0,Fri Mar 09 22:51:04 +0000 2018,0.0,1.0,0.0,27
227,@nytimes,-0.6808,Fri Mar 09 22:43:02 +0000 2018,0.343,0.593,0.064,28
228,@nytimes,0.0,Fri Mar 09 22:28:04 +0000 2018,0.0,1.0,0.0,29
229,@nytimes,-0.1531,Fri Mar 09 22:11:55 +0000 2018,0.118,0.882,0.0,30
230,@nytimes,0.0,Fri Mar 09 22:06:06 +0000 2018,0.0,1.0,0.0,31
231,@nytimes,-0.296,Fri Mar 09 21:50:08 +0000 2018,0.135,0.779,0.086,32
232,@nytimes,0.0,Fri Mar 09 21:35:05 +0000 2018,0.0,1.0,0.0,33
233,@nytimes,0.0772,Fri Mar 09 21:20:09 +0000 2018,0.0,0.933,0.067,34
234,@nytimes,0.0,Fri Mar 09 21:05:02 +0000 2018,0.0,1.0,0.0,35
235,@nytimes,0.0,Fri Mar 09 20:55:03 +0000 2018,0.0,1.0,0.0,36
236,@nytimes,0.0,Fri Mar 09 20:45:13 +0000 2018,0.0,1.0,0.0,37
237,@nytimes,-0.34,Fri Mar 09 20:30:23 +0000 2018,0.118,0.882,0.0,38
238,@nytimes,0.128,Fri Mar 09 20:25:05 +0000 2018,0.059,0.856,0.086,39
239,@nytimes,-0.5859,Fri Mar 09 20:10:08 +0000 2018,0.211,0.789,0.0,40
240,@nytimes,0.0,Fri Mar 09 20:00:13 +0000 2018,0.0,1.0,0.0,41
241,@nytimes,0.5859,Fri Mar 09 19:50:08 +0000 2018,0.0,0.826,0.174,42
242,@nytimes,0.6124,Fri Mar 09 19:35:20 +0000 2018,0.0,0.762,0.238,43
243,@nytimes,0.4939,Fri Mar 09 19:30:33 +0000 2018,0.0,0.833,0.167,44
244,@nytimes,-0.4404,Fri Mar 09 19:18:10 +0000 2018,0.153,0.847,0.0,45
245,@nytimes,0.7845,Fri Mar 09 19:15:04 +0000 2018,0.0,0.753,0.247,46
246,@nytimes,0.3197,Fri Mar 09 19:02:13 +0000 2018,0.0,0.901,0.099,47
247,@nytimes,0.0,Fri Mar 09 18:45:06 +0000 2018,0.0,1.0,0.0,48
248,@nytimes,0.0,Fri Mar 09 18:30:45 +0000 2018,0.0,1.0,0.0,49
249,@nytimes,0.0,Fri Mar 09 18:15:11 +0000 2018,0.0,1.0,0.0,50
250,@nytimes,0.0,Fri Mar 09 18:00:17 +0000 2018,0.0,1.0,0.0,51
251,@nytimes,0.3182,Fri Mar 09 17:45:11 +0000 2018,0.086,0.769,0.145,52
252,@nytimes,0.2263,Fri Mar 09 17:30:15 +0000 2018,0.0,0.881,0.119,53
253,@nytimes,0.3612,Fri Mar 09 17:15:13 +0000 2018,0.0,0.872,0.128,54
254,@nytimes,0.0,Fri Mar 09 17:00:24 +0000 2018,0.0,1.0,0.0,55
255,@nytimes,-0.25,Fri Mar 09 16:44:38 +0000 2018,0.118,0.882,0.0,56
256,@nytimes,0.4215,Fri Mar 09 16:30:20 +0000 2018,0.0,0.859,0.141,57
257,@nytimes,0.6486,Fri Mar 09 16:15:04 +0000 2018,0.0,0.762,0.238,58
258,@nytimes,0.5719,Fri Mar 09 16:02:07 +0000 2018,0.0,0.829,0.171,59
259,@nytimes,0.0,Fri Mar 09 15:45:16 +0000 2018,0.0,1.0,0.0,60
260,@nytimes,-0.4019,Fri Mar 09 15:30:29 +0000 2018,0.184,0.816,0.0,61
261,@nytimes,0.0,Fri Mar 09 15:15:04 +0000 2018,0.0,1.0,0.0,62
262,@nytimes,0.0,Fri Mar 09 15:00:47 +0000 2018,0.0,1.0,0.0,63
263,@nytimes,0.0,Fri Mar 09 14:45:09 +0000 2018,0.0,1.0,0.0,64
264,@nytimes,-0.128,Fri Mar 09 14:30:17 +0000 2018,0.105,0.813,0.081,65
265,@nytimes,-0.8658,Fri Mar 09 14:15:06 +0000 2018,0.303,0.697,0.0,66
266,@nytimes,0.2023,Fri Mar 09 14:00:43 +0000 2018,0.0,0.886,0.114,67
267,@nytimes,-0.3612,Fri Mar 09 13:45:09 +0000 2018,0.16,0.741,0.099,68
268,@nytimes,0.0,Fri Mar 09 13:37:14 +0000 2018,0.0,1.0,0.0,69
269,@nytimes,0.1531,Fri Mar 09 13:33:02 +0000 2018,0.13,0.672,0.197,70
270,@nytimes,0.0,Fri Mar 09 13:24:00 +0000 2018,0.0,1.0,0.0,71
271,@nytimes,0.4047,Fri Mar 09 13:15:11 +0000 2018,0.0,0.836,0.164,72
272,@nytimes,0.5719,Fri Mar 09 13:05:04 +0000 2018,0.0,0.81,0.19,73
273,@nytimes,0.0,Fri Mar 09 13:00:09 +0000 2018,0.0,1.0,0.0,74
274,@nytimes,0.0,Fri Mar 09 12:45:07 +0000 2018,0.0,1.0,0.0,75
275,@nytimes,0.34,Fri Mar 09 12:30:26 +0000 2018,0.0,0.882,0.118,76
276,@nytimes,-0.2748,Fri Mar 09 12:13:02 +0000 2018,0.158,0.729,0.113,77
277,@nytimes,0.128,Fri Mar 09 12:00:09 +0000 2018,0.1,0.779,0.121,78
278,@nytimes,0.0,Fri Mar 09 11:44:01 +0000 2018,0.0,1.0,0.0,79
279,@nytimes,0.0,Fri Mar 09 11:30:15 +0000 2018,0.0,1.0,0.0,80
280,@nytimes,-0.7351,Fri Mar 09 11:15:04 +0000 2018,0.279,0.721,0.0,81
281,@nytimes,0.0,Fri Mar 09 11:02:10 +0000 2018,0.0,1.0,0.0,82
282,@nytimes,0.4019,Fri Mar 09 10:44:01 +0000 2018,0.0,0.816,0.184,83
283,@nytimes,0.34,Fri Mar 09 10:30:03 +0000 2018,0.0,0.876,0.124,84
284,@nytimes,-0.765,Fri Mar 09 10:15:09 +0000 2018,0.248,0.752,0.0,85
285,@nytimes,-0.2023,Fri Mar 09 10:00:16 +0000 2018,0.087,0.913,0.0,86
286,@nytimes,0.2732,Fri Mar 09 09:45:04 +0000 2018,0.0,0.9,0.1,87
287,@nytimes,0.0,Fri Mar 09 09:31:05 +0000 2018,0.0,1.0,0.0,88
288,@nytimes,-0.6486,Fri Mar 09 09:16:01 +0000 2018,0.261,0.739,0.0,89
289,@nytimes,0.0,Fri Mar 09 09:02:04 +0000 2018,0.0,1.0,0.0,90
290,@nytimes,0.0,Fri Mar 09 08:47:06 +0000 2018,0.0,1.0,0.0,91
291,@nytimes,0.0,Fri Mar 09 08:32:04 +0000 2018,0.0,1.0,0.0,92
292,@nytimes,0.2263,Fri Mar 09 08:17:05 +0000 2018,0.0,0.787,0.213,93
293,@nytimes,0.0,Fri Mar 09 08:02:15 +0000 2018,0.0,1.0,0.0,94
294,@nytimes,0.7351,Fri Mar 09 08:00:28 +0000 2018,0.096,0.479,0.426,95
295,@nytimes,0.5574,Fri Mar 09 07:32:05 +0000 2018,0.0,0.87,0.13,96
296,@nytimes,0.0,Fri Mar 09 07:10:35 +0000 2018,0.0,1.0,0.0,97
297,@nytimes,0.0,Fri Mar 09 06:52:52 +0000 2018,0.0,1.0,0.0,98
298,@nytimes,0.4215,Fri Mar 09 06:34:06 +0000 2018,0.0,0.859,0.141,99
299,@nytimes,0.0,Fri Mar 09 06:10:12 +0000 2018,0.0,1.0,0.0,100
300,@FoxNews,0.7269,Sat Mar 10 04:58:00 +0000 2018,0.0,0.724,0.276,1
301,@FoxNews,0.0,Sat Mar 10 04:51:25 +0000 2018,0.0,1.0,0.0,2
302,@FoxNews,-0.2023,Sat Mar 10 04:43:12 +0000 2018,0.165,0.714,0.121,3
303,@FoxNews,-0.6486,Sat Mar 10 04:26:06 +0000 2018,0.35,0.65,0.0,4
304,@FoxNews,0.0,Sat Mar 10 04:18:21 +0000 2018,0.0,1.0,0.0,5
305,@FoxNews,-0.34,Sat Mar 10 03:59:23 +0000 2018,0.112,0.888,0.0,6
306,@FoxNews,0.4939,Sat Mar 10 03:58:29 +0000 2018,0.0,0.862,0.138,7
307,@FoxNews,-0.2755,Sat Mar 10 03:54:55 +0000 2018,0.123,0.877,0.0,8
308,@FoxNews,-0.5606,Sat Mar 10 03:44:35 +0000 2018,0.256,0.63,0.113,9
309,@FoxNews,0.4404,Sat Mar 10 03:40:18 +0000 2018,0.0,0.813,0.187,10
310,@FoxNews,0.0258,Sat Mar 10 03:32:55 +0000 2018,0.11,0.776,0.114,11
311,@FoxNews,0.0,Sat Mar 10 03:28:16 +0000 2018,0.0,1.0,0.0,12
312,@FoxNews,0.0,Sat Mar 10 03:26:35 +0000 2018,0.0,1.0,0.0,13
313,@FoxNews,0.0,Sat Mar 10 03:21:54 +0000 2018,0.0,1.0,0.0,14
314,@FoxNews,0.7003,Sat Mar 10 03:12:55 +0000 2018,0.0,0.721,0.279,15
315,@FoxNews,-0.4939,Sat Mar 10 03:09:36 +0000 2018,0.314,0.686,0.0,16
316,@FoxNews,-0.93,Sat Mar 10 03:04:34 +0000 2018,0.677,0.227,0.095,17
317,@FoxNews,-0.6124,Sat Mar 10 03:01:48 +0000 2018,0.429,0.571,0.0,18
318,@FoxNews,0.0,Sat Mar 10 02:57:44 +0000 2018,0.0,1.0,0.0,19
319,@FoxNews,-0.296,Sat Mar 10 02:46:34 +0000 2018,0.136,0.864,0.0,20
320,@FoxNews,-0.4404,Sat Mar 10 02:39:22 +0000 2018,0.127,0.873,0.0,21
321,@FoxNews,0.3818,Sat Mar 10 02:31:06 +0000 2018,0.0,0.867,0.133,22
322,@FoxNews,0.0516,Sat Mar 10 02:23:20 +0000 2018,0.21,0.565,0.226,23
323,@FoxNews,0.0,Sat Mar 10 02:19:52 +0000 2018,0.0,1.0,0.0,24
324,@FoxNews,-0.6222,Sat Mar 10 02:09:25 +0000 2018,0.195,0.805,0.0,25
325,@FoxNews,0.1027,Sat Mar 10 01:51:04 +0000 2018,0.0,0.877,0.123,26
326,@FoxNews,0.1027,Sat Mar 10 01:45:28 +0000 2018,0.0,0.92,0.08,27
327,@FoxNews,0.0,Sat Mar 10 01:40:44 +0000 2018,0.0,1.0,0.0,28
328,@FoxNews,0.0,Sat Mar 10 01:35:15 +0000 2018,0.0,1.0,0.0,29
329,@FoxNews,0.0,Sat Mar 10 01:29:53 +0000 2018,0.0,1.0,0.0,30
330,@FoxNews,-0.5859,Sat Mar 10 01:22:39 +0000 2018,0.325,0.556,0.12,31
331,@FoxNews,-0.3818,Sat Mar 10 01:17:53 +0000 2018,0.163,0.736,0.101,32
332,@FoxNews,0.0,Sat Mar 10 01:14:54 +0000 2018,0.0,1.0,0.0,33
333,@FoxNews,-0.34,Sat Mar 10 01:11:20 +0000 2018,0.112,0.888,0.0,34
334,@FoxNews,0.0258,Sat Mar 10 00:54:13 +0000 2018,0.0,0.927,0.073,35
335,@FoxNews,-0.25,Sat Mar 10 00:43:31 +0000 2018,0.133,0.867,0.0,36
336,@FoxNews,-0.3612,Sat Mar 10 00:34:45 +0000 2018,0.189,0.687,0.124,37
337,@FoxNews,0.0772,Sat Mar 10 00:23:21 +0000 2018,0.0,0.944,0.056,38
338,@FoxNews,0.1027,Sat Mar 10 00:18:28 +0000 2018,0.0,0.877,0.123,39
339,@FoxNews,-0.34,Sat Mar 10 00:05:03 +0000 2018,0.118,0.882,0.0,40
340,@FoxNews,0.0,Sat Mar 10 00:01:17 +0000 2018,0.0,1.0,0.0,41
341,@FoxNews,0.0,Sat Mar 10 00:00:00 +0000 2018,0.0,1.0,0.0,42
342,@FoxNews,0.0,Fri Mar 09 23:51:22 +0000 2018,0.0,1.0,0.0,43
343,@FoxNews,0.4215,Fri Mar 09 23:47:19 +0000 2018,0.0,0.882,0.118,44
344,@FoxNews,0.5267,Fri Mar 09 23:42:04 +0000 2018,0.0,0.764,0.236,45
345,@FoxNews,0.0,Fri Mar 09 23:31:47 +0000 2018,0.0,1.0,0.0,46
346,@FoxNews,-0.5574,Fri Mar 09 23:27:50 +0000 2018,0.231,0.769,0.0,47
347,@FoxNews,-0.4939,Fri Mar 09 23:16:01 +0000 2018,0.262,0.738,0.0,48
348,@FoxNews,-0.3182,Fri Mar 09 23:13:51 +0000 2018,0.247,0.753,0.0,49
349,@FoxNews,0.0,Fri Mar 09 23:07:28 +0000 2018,0.0,1.0,0.0,50
350,@FoxNews,0.4215,Fri Mar 09 22:56:58 +0000 2018,0.0,0.781,0.219,51
351,@FoxNews,-0.7906,Fri Mar 09 22:47:02 +0000 2018,0.354,0.583,0.062,52
352,@FoxNews,0.2732,Fri Mar 09 22:36:28 +0000 2018,0.079,0.791,0.13,53
353,@FoxNews,0.1531,Fri Mar 09 22:26:26 +0000 2018,0.0,0.867,0.133,54
354,@FoxNews,0.0,Fri Mar 09 22:15:55 +0000 2018,0.0,1.0,0.0,55
355,@FoxNews,0.0,Fri Mar 09 22:09:24 +0000 2018,0.0,1.0,0.0,56
356,@FoxNews,0.0,Fri Mar 09 22:04:17 +0000 2018,0.0,1.0,0.0,57
357,@FoxNews,-0.3089,Fri Mar 09 22:03:10 +0000 2018,0.101,0.899,0.0,58
358,@FoxNews,0.0,Fri Mar 09 21:57:31 +0000 2018,0.0,1.0,0.0,59
359,@FoxNews,-0.1027,Fri Mar 09 21:55:54 +0000 2018,0.113,0.887,0.0,60
360,@FoxNews,-0.0516,Fri Mar 09 21:49:00 +0000 2018,0.126,0.758,0.116,61
361,@FoxNews,0.6369,Fri Mar 09 21:36:04 +0000 2018,0.0,0.826,0.174,62
362,@FoxNews,-0.4588,Fri Mar 09 21:33:15 +0000 2018,0.167,0.833,0.0,63
363,@FoxNews,0.4019,Fri Mar 09 21:31:05 +0000 2018,0.0,0.863,0.137,64
364,@FoxNews,0.4336,Fri Mar 09 21:24:51 +0000 2018,0.0,0.84,0.16,65
365,@FoxNews,0.0,Fri Mar 09 21:23:19 +0000 2018,0.0,1.0,0.0,66
366,@FoxNews,0.0,Fri Mar 09 21:14:42 +0000 2018,0.0,1.0,0.0,67
367,@FoxNews,-0.2263,Fri Mar 09 21:03:00 +0000 2018,0.16,0.84,0.0,68
368,@FoxNews,-0.34,Fri Mar 09 20:54:59 +0000 2018,0.179,0.821,0.0,69
369,@FoxNews,0.0,Fri Mar 09 20:51:14 +0000 2018,0.0,1.0,0.0,70
370,@FoxNews,-0.9042,Fri Mar 09 20:40:03 +0000 2018,0.483,0.517,0.0,71
371,@FoxNews,-0.8271,Fri Mar 09 20:36:10 +0000 2018,0.367,0.633,0.0,72
372,@FoxNews,-0.5106,Fri Mar 09 20:34:20 +0000 2018,0.216,0.784,0.0,73
373,@FoxNews,-0.34,Fri Mar 09 20:25:54 +0000 2018,0.167,0.833,0.0,74
374,@FoxNews,-0.5574,Fri Mar 09 20:16:08 +0000 2018,0.175,0.825,0.0,75
375,@FoxNews,-0.91,Fri Mar 09 20:15:00 +0000 2018,0.472,0.528,0.0,76
376,@FoxNews,-0.296,Fri Mar 09 20:11:44 +0000 2018,0.167,0.833,0.0,77
377,@FoxNews,0.0,Fri Mar 09 20:00:00 +0000 2018,0.0,1.0,0.0,78
378,@FoxNews,0.0,Fri Mar 09 19:57:35 +0000 2018,0.0,1.0,0.0,79
379,@FoxNews,0.4927,Fri Mar 09 19:54:26 +0000 2018,0.0,0.842,0.158,80
380,@FoxNews,-0.5574,Fri Mar 09 19:51:56 +0000 2018,0.175,0.825,0.0,81
381,@FoxNews,-0.2023,Fri Mar 09 19:43:05 +0000 2018,0.156,0.729,0.115,82
382,@FoxNews,-0.2023,Fri Mar 09 19:37:13 +0000 2018,0.156,0.729,0.115,83
383,@FoxNews,0.3612,Fri Mar 09 19:37:11 +0000 2018,0.0,0.889,0.111,84
384,@FoxNews,0.0,Fri Mar 09 19:33:47 +0000 2018,0.0,1.0,0.0,85
385,@FoxNews,0.4215,Fri Mar 09 19:32:15 +0000 2018,0.0,0.887,0.113,86
386,@FoxNews,0.0,Fri Mar 09 19:29:36 +0000 2018,0.0,1.0,0.0,87
387,@FoxNews,0.7146,Fri Mar 09 19:27:27 +0000 2018,0.0,0.771,0.229,88
388,@FoxNews,0.7269,Fri Mar 09 19:26:06 +0000 2018,0.0,0.736,0.264,89
389,@FoxNews,0.0936,Fri Mar 09 19:20:44 +0000 2018,0.091,0.802,0.107,90
390,@FoxNews,0.0,Fri Mar 09 19:17:41 +0000 2018,0.0,1.0,0.0,91
391,@FoxNews,-0.8271,Fri Mar 09 19:11:53 +0000 2018,0.383,0.617,0.0,92
392,@FoxNews,-0.5267,Fri Mar 09 19:06:54 +0000 2018,0.253,0.747,0.0,93
393,@FoxNews,0.0,Fri Mar 09 19:03:03 +0000 2018,0.0,1.0,0.0,94
394,@FoxNews,0.7269,Fri Mar 09 18:53:47 +0000 2018,0.0,0.724,0.276,95
395,@FoxNews,0.0,Fri Mar 09 18:50:09 +0000 2018,0.0,1.0,0.0,96
396,@FoxNews,0.4588,Fri Mar 09 18:42:35 +0000 2018,0.0,0.833,0.167,97
397,@FoxNews,0.765,Fri Mar 09 18:36:01 +0000 2018,0.106,0.511,0.383,98
398,@FoxNews,0.0,Fri Mar 09 18:35:00 +0000 2018,0.0,1.0,0.0,99
399,@FoxNews,-0.3818,Fri Mar 09 18:27:56 +0000 2018,0.157,0.843,0.0,100
400,CBSNews,-0.765,Sat Mar 10 05:03:03 +0000 2018,0.292,0.708,0.0,1
401,CBSNews,-0.8555,Sat Mar 10 04:54:06 +0000 2018,0.393,0.607,0.0,2
402,CBSNews,-0.34,Sat Mar 10 04:48:04 +0000 2018,0.194,0.806,0.0,3
403,CBSNews,-0.296,Sat Mar 10 04:33:03 +0000 2018,0.29,0.538,0.172,4
404,CBSNews,-0.296,Sat Mar 10 04:18:07 +0000 2018,0.121,0.879,0.0,5
405,CBSNews,0.0,Sat Mar 10 04:03:03 +0000 2018,0.0,1.0,0.0,6
406,CBSNews,-0.5423,Sat Mar 10 04:00:02 +0000 2018,0.261,0.622,0.116,7
407,CBSNews,-0.6486,Sat Mar 10 03:59:01 +0000 2018,0.202,0.798,0.0,8
408,CBSNews,-0.2263,Sat Mar 10 03:50:05 +0000 2018,0.147,0.853,0.0,9
409,CBSNews,0.296,Sat Mar 10 03:40:01 +0000 2018,0.0,0.901,0.099,10
410,CBSNews,-0.7269,Sat Mar 10 03:20:01 +0000 2018,0.321,0.679,0.0,11
411,CBSNews,-0.296,Sat Mar 10 03:00:01 +0000 2018,0.18,0.7,0.12,12
412,CBSNews,0.7579,Sat Mar 10 02:40:01 +0000 2018,0.0,0.667,0.333,13
413,CBSNews,0.0,Sat Mar 10 02:20:01 +0000 2018,0.0,1.0,0.0,14
414,CBSNews,0.0,Sat Mar 10 02:00:01 +0000 2018,0.0,1.0,0.0,15
415,CBSNews,0.0,Sat Mar 10 01:40:01 +0000 2018,0.0,1.0,0.0,16
416,CBSNews,-0.5267,Sat Mar 10 01:20:01 +0000 2018,0.206,0.794,0.0,17
417,CBSNews,-0.765,Sat Mar 10 01:00:02 +0000 2018,0.309,0.691,0.0,18
418,CBSNews,0.0,Sat Mar 10 00:40:01 +0000 2018,0.0,1.0,0.0,19
419,CBSNews,0.0,Sat Mar 10 00:20:01 +0000 2018,0.0,1.0,0.0,20
420,CBSNews,-0.4939,Sat Mar 10 00:00:01 +0000 2018,0.144,0.856,0.0,21
421,CBSNews,-0.5574,Fri Mar 09 23:50:31 +0000 2018,0.184,0.816,0.0,22
422,CBSNews,0.0,Fri Mar 09 23:44:04 +0000 2018,0.0,1.0,0.0,23
423,CBSNews,0.0,Fri Mar 09 23:41:36 +0000 2018,0.0,1.0,0.0,24
424,CBSNews,0.5106,Fri Mar 09 23:39:48 +0000 2018,0.0,0.798,0.202,25
425,CBSNews,0.6801,Fri Mar 09 23:36:56 +0000 2018,0.0,0.773,0.227,26
426,CBSNews,0.0,Fri Mar 09 23:35:08 +0000 2018,0.0,1.0,0.0,27
427,CBSNews,0.4404,Fri Mar 09 23:31:31 +0000 2018,0.0,0.888,0.112,28
428,CBSNews,0.7269,Fri Mar 09 23:20:02 +0000 2018,0.095,0.586,0.319,29
429,CBSNews,0.7506,Fri Mar 09 23:00:01 +0000 2018,0.0,0.726,0.274,30
430,CBSNews,0.7351,Fri Mar 09 22:40:01 +0000 2018,0.0,0.708,0.292,31
431,CBSNews,0.0,Fri Mar 09 22:24:51 +0000 2018,0.0,1.0,0.0,32
432,CBSNews,0.0,Fri Mar 09 22:24:15 +0000 2018,0.0,1.0,0.0,33
433,CBSNews,0.0,Fri Mar 09 22:20:01 +0000 2018,0.0,1.0,0.0,34
434,CBSNews,-0.91,Fri Mar 09 22:00:02 +0000 2018,0.365,0.635,0.0,35
435,CBSNews,-0.8074,Fri Mar 09 21:45:44 +0000 2018,0.372,0.628,0.0,36
436,CBSNews,-0.128,Fri Mar 09 21:20:01 +0000 2018,0.115,0.793,0.093,37
437,CBSNews,0.4215,Fri Mar 09 21:00:02 +0000 2018,0.0,0.882,0.118,38
438,CBSNews,-0.2732,Fri Mar 09 20:40:01 +0000 2018,0.104,0.896,0.0,39
439,CBSNews,0.0,Fri Mar 09 20:25:01 +0000 2018,0.0,1.0,0.0,40
440,CBSNews,-0.1027,Fri Mar 09 20:14:09 +0000 2018,0.069,0.931,0.0,41
441,CBSNews,-0.4019,Fri Mar 09 20:09:26 +0000 2018,0.114,0.886,0.0,42
442,CBSNews,-0.34,Fri Mar 09 19:45:26 +0000 2018,0.138,0.862,0.0,43
443,CBSNews,0.0,Fri Mar 09 19:38:38 +0000 2018,0.0,1.0,0.0,44
444,CBSNews,0.2649,Fri Mar 09 19:29:03 +0000 2018,0.081,0.796,0.123,45
445,CBSNews,0.505,Fri Mar 09 19:27:09 +0000 2018,0.0,0.789,0.211,46
446,CBSNews,0.4767,Fri Mar 09 19:25:13 +0000 2018,0.0,0.871,0.129,47
447,CBSNews,0.4019,Fri Mar 09 19:23:59 +0000 2018,0.0,0.863,0.137,48
448,CBSNews,0.0,Fri Mar 09 19:21:30 +0000 2018,0.0,1.0,0.0,49
449,CBSNews,0.2732,Fri Mar 09 19:19:12 +0000 2018,0.0,0.9,0.1,50
450,CBSNews,-0.5267,Fri Mar 09 19:06:31 +0000 2018,0.253,0.747,0.0,51
451,CBSNews,0.7351,Fri Mar 09 19:00:03 +0000 2018,0.0,0.708,0.292,52
452,CBSNews,0.5423,Fri Mar 09 18:40:01 +0000 2018,0.0,0.757,0.243,53
453,CBSNews,-0.4404,Fri Mar 09 18:25:01 +0000 2018,0.132,0.868,0.0,54
454,CBSNews,0.4019,Fri Mar 09 18:06:18 +0000 2018,0.0,0.886,0.114,55
455,CBSNews,0.34,Fri Mar 09 18:03:52 +0000 2018,0.0,0.882,0.118,56
456,CBSNews,-0.6369,Fri Mar 09 18:00:02 +0000 2018,0.245,0.755,0.0,57
457,CBSNews,0.3415,Fri Mar 09 17:40:30 +0000 2018,0.0,0.893,0.107,58
458,CBSNews,0.0,Fri Mar 09 17:20:01 +0000 2018,0.0,1.0,0.0,59
459,CBSNews,-0.34,Fri Mar 09 17:00:04 +0000 2018,0.156,0.844,0.0,60
460,CBSNews,-0.4767,Fri Mar 09 16:44:32 +0000 2018,0.154,0.846,0.0,61
461,CBSNews,-0.2648,Fri Mar 09 16:20:01 +0000 2018,0.207,0.643,0.15,62
462,CBSNews,0.0,Fri Mar 09 16:05:01 +0000 2018,0.0,1.0,0.0,63
463,CBSNews,-0.6597,Fri Mar 09 15:50:02 +0000 2018,0.239,0.761,0.0,64
464,CBSNews,-0.8591,Fri Mar 09 15:35:01 +0000 2018,0.321,0.679,0.0,65
465,CBSNews,0.8074,Fri Mar 09 15:20:35 +0000 2018,0.0,0.601,0.399,66
466,CBSNews,-0.6124,Fri Mar 09 15:03:53 +0000 2018,0.265,0.638,0.097,67
467,CBSNews,-0.4019,Fri Mar 09 15:00:02 +0000 2018,0.137,0.863,0.0,68
468,CBSNews,0.541,Fri Mar 09 14:59:13 +0000 2018,0.0,0.873,0.127,69
469,CBSNews,0.1779,Fri Mar 09 14:45:36 +0000 2018,0.0,0.898,0.102,70
470,CBSNews,0.0,Fri Mar 09 14:45:01 +0000 2018,0.0,1.0,0.0,71
471,CBSNews,0.0,Fri Mar 09 14:30:01 +0000 2018,0.0,1.0,0.0,72
472,CBSNews,0.0,Fri Mar 09 14:15:01 +0000 2018,0.0,1.0,0.0,73
473,CBSNews,-0.296,Fri Mar 09 14:00:04 +0000 2018,0.104,0.896,0.0,74
474,CBSNews,0.8126,Fri Mar 09 13:58:51 +0000 2018,0.0,0.67,0.33,75
475,CBSNews,0.0,Fri Mar 09 13:48:07 +0000 2018,0.0,1.0,0.0,76
476,CBSNews,0.0,Fri Mar 09 13:44:00 +0000 2018,0.0,1.0,0.0,77
477,CBSNews,0.0,Fri Mar 09 13:40:01 +0000 2018,0.0,1.0,0.0,78
478,CBSNews,0.6124,Fri Mar 09 13:36:50 +0000 2018,0.0,0.783,0.217,79
479,CBSNews,0.2023,Fri Mar 09 13:31:06 +0000 2018,0.0,0.909,0.091,80
480,CBSNews,-0.2263,Fri Mar 09 13:24:23 +0000 2018,0.209,0.622,0.169,81
481,CBSNews,-0.8402,Fri Mar 09 13:20:01 +0000 2018,0.36,0.64,0.0,82
482,CBSNews,0.4215,Fri Mar 09 13:18:03 +0000 2018,0.0,0.865,0.135,83
483,CBSNews,-0.5719,Fri Mar 09 13:17:40 +0000 2018,0.183,0.817,0.0,84
484,CBSNews,0.3182,Fri Mar 09 13:13:07 +0000 2018,0.07,0.798,0.131,85
485,CBSNews,0.3818,Fri Mar 09 13:12:44 +0000 2018,0.0,0.885,0.115,86
486,CBSNews,0.0,Fri Mar 09 13:09:02 +0000 2018,0.0,1.0,0.0,87
487,CBSNews,0.3612,Fri Mar 09 13:06:10 +0000 2018,0.0,0.872,0.128,88
488,CBSNews,0.0258,Fri Mar 09 13:00:02 +0000 2018,0.0,0.95,0.05,89
489,CBSNews,-0.6486,Fri Mar 09 12:47:25 +0000 2018,0.238,0.762,0.0,90
490,CBSNews,0.0,Fri Mar 09 12:47:06 +0000 2018,0.0,1.0,0.0,91
491,CBSNews,0.5106,Fri Mar 09 12:40:01 +0000 2018,0.0,0.752,0.248,92
492,CBSNews,0.0,Fri Mar 09 12:37:44 +0000 2018,0.0,1.0,0.0,93
493,CBSNews,-0.8402,Fri Mar 09 12:35:05 +0000 2018,0.321,0.679,0.0,94
494,CBSNews,-0.4767,Fri Mar 09 12:27:21 +0000 2018,0.14,0.86,0.0,95
495,CBSNews,0.0,Fri Mar 09 12:25:57 +0000 2018,0.0,1.0,0.0,96
496,CBSNews,-0.0424,Fri Mar 09 12:23:46 +0000 2018,0.08,0.848,0.072,97
497,CBSNews,-0.2732,Fri Mar 09 12:23:42 +0000 2018,0.095,0.905,0.0,98
498,CBSNews,-0.3182,Fri Mar 09 12:22:10 +0000 2018,0.103,0.897,0.0,99
499,CBSNews,0.0,Fri Mar 09 12:20:01 +0000 2018,0.0,1.0,0.0,100
